"","config_name","avg_results"
"1",0,0.010211999806337
"2",0,0.00337696059123794
"3",0,0.00881825112051078
"4",0,0.0013947799760442
"5",0,0.0101985314919224
