"","config_name","avg_results"
"1",0.65,0.000196321104886509
"2",0.7,0.00046978982535307
"3",0.8,6.84912140014845e-05
"4",0.9,0.000216873807730852
"5",0.95,0.000123261767942278
