"","config_name","avg_results"
"1",0,0.127759662544034
"2",0,0.351303854455052
"3",0,0.631553563938328
"4",0,0.114455562824682
"5",0,0.523449350555941
