"","config_name","avg_results"
"1",0,2.44448453527275
"2",1,0.000727452830175386
"3",2,0.000345660617897967
"4",4,9.09639687688992e-06
"5",8,3.65370911139908e-06
