"","config_name","avg_results"
"1",100,0.0108588039609963
"2",250,0.00104859052189845
"3",500,0.000183933654606953
"4",1000,6.34124713039758e-05
"5",2000,7.69829877753524e-05
