"","config_name","avg_results"
"1",0.02,0.009471801862772
"2",0.05,0.000628645937919827
"3",0.1,0.000119440929020944
"4",0.2,0.000199670246746621
"5",0.4,0.00229425934703007
