"","config_name","avg_results"
"1",0,62.1324791706036
"2",0,99.16359073209
"3",0,57.5966392351117
"4",0,168.891427773217
"5",0,115.172245837598
