"","config_name","avg_results"
"1",0,0.0788768190778528
"2",0,0.196954858125014
"3",0,0.0607901889948108
"4",0,0.0744163404162836
"5",0,0.155845829490925
