"","config_name","avg_results"
"1",10,0.183625759944419
"2",25,0.000174801159903823
"3",50,0.00032034547072506
"4",100,0.00037518579870595
"5",200,0.000458795764273645
