"","config_name","avg_results"
"1",0.65,6.42897932224607e-05
"2",0.7,0.000105223110940589
"3",0.8,0.000111977861806611
"4",0.9,0.000196995729492944
"5",0.95,0.000250973804551524
