"","config_name","avg_results"
"1",0.65,0.0265875406610548
"2",0.7,0.0205156650270657
"3",0.8,0.00579476325319499
"4",0.9,0.0138124783866201
"5",0.95,0.017270008350133
