"","config_name","avg_distance_from_optimum"
"1",0.02,1766.71087816665
"2",0.05,1869.98998084238
"3",0.1,2070.52849719874
"4",0.2,2128.54892755427
"5",0.4,2369.69627039767
