"","config_name","avg_distance_from_optimum"
"1",250,5471.40422248328
"2",500,3762.48695905103
"3",1000,2234.05937100709
"4",2000,1172.40395450273
"5",3000,751.661915276813
