"","config_name","avg_distance_from_optimum"
"1",0.65,1386.5697753589
"2",0.7,1568.89139766758
"3",0.8,1961.89214350059
"4",0.9,2583.81701698201
"5",0.95,2579.65015949728
