"","config_name","avg_distance_from_optimum"
"1",0,18230.8751236003
"2",2,6556.59862004005
"3",4,3739.53794901123
"4",8,2065.32457931881
"5",16,1356.76226754848
