"","config_name","avg_distance_from_optimum"
"1",10,4550.99743570076
"2",25,1765.36238852749
"3",50,2236.54221078329
"4",100,2806.52098817244
"5",200,3740.12871693205
