"","config_name","avg_distance_from_optimum"
"1",10,606.516698992907
"2",25,301.264447078339
"3",50,337.805719794011
"4",100,412.079412756058
"5",200,618.163887033864
