"","config_name","avg_distance_from_optimum"
"1",0.02,317.344510004992
"2",0.05,281.423815429084
"3",0.1,345.753963071746
"4",0.2,340.486285222087
"5",0.4,401.811079420302
