"","config_name","avg_distance_from_optimum"
"1",0.65,284.061096682559
"2",0.7,286.861384005117
"3",0.8,358.284388933657
"4",0.9,406.050671995472
"5",0.95,403.908228058235
