"","config_name","avg_distance_from_optimum"
"1",0,1708.80327244858
"2",2,768.553295076818
"3",4,498.02370391027
"4",8,349.83092887359
"5",16,265.100688504322
