"","config_name","avg_distance_from_optimum"
"1",250,754.463864181256
"2",500,552.556102547023
"3",1000,336.509183030946
"4",2000,177.423049464936
"5",3000,131.827096788948
