"","config_name","avg_distance_from_optimum"
"1",0.65,281.31613373342
"2",0.7,297.128572884056
"3",0.8,354.231851523505
"4",0.9,415.635991109992
"5",0.95,394.361625217175
