"","config_name","avg_results"
"1",0,3.99680288865056e-15
"2",0.05,1.50990331349021e-15
"3",0.3,4.44089209850063e-16
"4",0.6,4.44089209850063e-16
"5",1,4.44089209850063e-16
