"","config_name","avg_results"
"1",0,7.99360577730113e-16
"2",0.2,7.99360577730113e-16
"3",0.5,1.50990331349021e-15
"4",0.9,3.28626015289046e-15
"5",1,7.87370169064161e-13
