"","config_name","avg_results"
"1",0.65,0.0213465467590887
"2",0.7,0.0185516760159609
"3",0.8,0.0219166530929564
"4",0.9,0.0315766693393685
"5",0.95,0.0497976681493904
