"","config_name","avg_results"
"1",0,3.80893434188981
"2",1,0.151077046571312
"3",2,0.0235025758801691
"4",4,0.00207008678706737
"5",8,0.000186270566296987
