"","config_name","avg_results"
"1",100,3.28256779089254
"2",250,1.04151928482713
"3",500,0.146151928884731
"4",1000,0.0291021593065168
"5",2000,0.00686213522174848
