"","config_name","avg_results"
"1",0.02,0.463137269419629
"2",0.05,0.0298217470054373
"3",0.1,0.0255886770210783
"4",0.2,0.0370837305859518
"5",0.4,0.0710856602580301
