"","config_name","avg_results"
"1",10,0.722436555432835
"2",25,0.0106500067719737
"3",50,0.022816177955156
"4",100,0.0615025607797446
"5",200,0.0762126399156423
