"","config_name","avg_results"
"1",0,0.000187654498200107
"2",0,0.000125208430250101
"3",0,0.000105353166992561
"4",0,0.000514070115522092
"5",0,0.00262847417265144
