"","config_name","avg_results"
"1",0.65,8.491696241828e-05
"2",0.7,0.000132618974637655
"3",0.8,0.0002107562203439
"4",0.9,0.000237676108972185
"5",0.95,0.000294635505912755
