"","config_name","avg_results"
"1",0,0.0755461895125014
"2",0,0.05055361979889
"3",0,0.0377957236387549
"4",0,0.0600004976399462
"5",0,0.04361646150692
