"","config_name","avg_results"
"1",0,0.210299561474471
"2",1,0.000789404513739544
"3",2,0.000233817950786008
"4",4,7.1159399291254e-06
"5",8,7.6047707731064e-07
