"","config_name","avg_results"
"1",100,0.00209651629555063
"2",250,0.000352088792652072
"3",500,0.000195572764225194
"4",1000,9.03385533836065e-05
"5",2000,2.68079002279542e-05
