"","config_name","avg_results"
"1",0.02,1.64508736667734e-05
"2",0.05,3.06672482673243e-05
"3",0.1,0.00017294948340778
"4",0.2,0.000425305304484969
"5",0.4,0.00175797471757919
