"","config_name","avg_results"
"1",0,0.125185170110529
"2",0,0.0187025327215768
"3",0,0.0305733884158266
"4",0,0.382250196022847
"5",0,0.108599723930357
