"","config_name","avg_results"
"1",0,5.38255222130764
"2",0,4.86839527585199
"3",0,4.61993592269858
"4",0,5.20298405416004
"5",0,4.95308620399969
