"","config_name","avg_results"
"1",10,0.00187222679060186
"2",25,1.27627890727844e-05
"3",50,0.000101734168471612
"4",100,0.000313771404819452
"5",200,0.000448444917431789
