"","config_name","avg_results"
"1",0.65,0.0251527027347852
"2",0.7,0.0201727323887593
"3",0.8,0.0183909035835581
"4",0.9,0.020449660416356
"5",0.95,0.0168795766345554
