"","config_name","avg_results"
"1",0.65,7.3765936171899e-05
"2",0.7,6.9791396233132e-05
"3",0.8,0.000187624802877639
"4",0.9,0.000178435360546292
"5",0.95,0.000359448610993685
