"","config_name","avg_results"
"1",0.02,0.000128506942137907
"2",0.05,2.53854679066912e-05
"3",0.1,0.000123795690386874
"4",0.2,0.000718989788451996
"5",0.4,0.00182152960898962
