"","config_name","avg_results"
"1",10,0.0178284172273607
"2",30,0.00010547590510237
"3",50,0.000359524493455243
"4",100,8.33298662472615e-06
"5",200,4.44089209850063e-16
