"","config_name","avg_results"
"1",10,0.00217587847990126
"2",30,4.6593673767692e-05
"3",50,0.000217353402878917
"4",100,0.000251000770872967
"5",200,0.000564385797664801
